number,PP1,PP2,PP3,KF1,KF2,KF3,KF4,KF5,KF6,KF7,KF8,KF9,KF10,Z1,Z2,Z3,Z4,Z5,F1,F2,F3,F4,F5,F6,T1,T2,T3,T4,T5,VHSE1,VHSE2,VHSE3,VHSE4,VHSE5,VHSE6,VHSE7,VHSE8,ProtFP1,ProtFP2,ProtFP3,ProtFP4,ProtFP5,ProtFP6,ProtFP7,ProtFP8,ST1,ST2,ST3,ST4,ST5,ST6,ST7,ST8,BLOSUM1,BLOSUM2,BLOSUM3,BLOSUM4,BLOSUM5,BLOSUM6,BLOSUM7,BLOSUM8,BLOSUM9,BLOSUM10,MSWHIM1,MSWHIM2,MSWHIM3,Tiny_Mole.,Small_Mole.,Aliphatic_Mole.,Aromatic_Mole.,NonPolar_Mole.,Polar_Mole.,Charged_Mole.,Basic_Mole.,Acidic_Mole.,Length,Hydrophobic residue%,Hp,Ep,miuH,H,Normalized Hydrophobic Moment,Normalized Hydrophobicity,Net Charge,Isoelectric Point,Penetration Depth,Tilt Angle,Disordered Conformation Propensity,Linear Moment,Propensity to in vitro Aggregation,Angle Subtended by the Hydrophobic Residues,Amphiphilicity Index,Propensity to PPII coil,Boman Index
KLKKLLLGLLLKK,-0.321538462,-0.022307692,0.293076923,-0.578461538,0.164615385,-0.235384615,0.049230769,0.303846154,-1.735384615,1.060769231,-0.258461538,-0.07,0.766923077,-1.266153846,-0.67,-1.732307692,0.122307692,0.542307692,0.096923077,0.656692308,0.360769231,1.247846154,0.137846154,0.280923077,-4.170769231,0.957692308,-0.923076923,0.996153846,0.18,0.266923077,0.189230769,0.260769231,0.052307692,0.708461538,-0.570769231,0.824615385,-0.386923077,0.743846154,0.536153846,-0.33,1.389230769,-1.412307692,1.148461538,0.070769231,0.051538462,-0.780461538,-0.111230769,0.120538462,-0.012692308,-0.541384615,0.685615385,0.091384615,0.337230769,-0.255384615,-0.465384615,-0.648461538,-0.411538462,0.289230769,0.313076923,0.233076923,0.197692308,-0.166923077,-0.319230769,-0.618461538,0.396923077,0.086923077,7.692,7.692,53.846,0,61.538,38.462,38.462,38.462,0,13,0.538461538,0.846153846,0,0.534615385,0.309880976,0.83,-0.52,5,11.27,14,94,0.02,0.43,282.39,80,1.41,0.81,-0.5869231
KLLKLKKLLGLLK,-0.321538462,-0.022307692,0.293076923,-0.578461538,0.164615385,-0.235384615,0.049230769,0.303846154,-1.735384615,1.060769231,-0.258461538,-0.07,0.766923077,-1.266153846,-0.67,-1.732307692,0.122307692,0.542307692,0.096923077,0.656692308,0.360769231,1.247846154,0.137846154,0.280923077,-4.170769231,0.957692308,-0.923076923,0.996153846,0.18,0.266923077,0.189230769,0.260769231,0.052307692,0.708461538,-0.570769231,0.824615385,-0.386923077,0.743846154,0.536153846,-0.33,1.389230769,-1.412307692,1.148461538,0.070769231,0.051538462,-0.780461538,-0.111230769,0.120538462,-0.012692308,-0.541384615,0.685615385,0.091384615,0.337230769,-0.255384615,-0.465384615,-0.648461538,-0.411538462,0.289230769,0.313076923,0.233076923,0.197692308,-0.166923077,-0.319230769,-0.618461538,0.396923077,0.086923077,7.692,7.692,53.846,0,61.538,38.462,38.462,38.462,0,13,0.538461538,0.846153846,0,0.534615385,0.324094276,0.79,-0.52,5,11.27,14,95,0.02,0.29,33.9,100,1.41,0.81,-0.5869231
KKLLLKGLLLLKK,-0.321538462,-0.022307692,0.293076923,-0.578461538,0.164615385,-0.235384615,0.049230769,0.303846154,-1.735384615,1.060769231,-0.258461538,-0.07,0.766923077,-1.266153846,-0.67,-1.732307692,0.122307692,0.542307692,0.096923077,0.656692308,0.360769231,1.247846154,0.137846154,0.280923077,-4.170769231,0.957692308,-0.923076923,0.996153846,0.18,0.266923077,0.189230769,0.260769231,0.052307692,0.708461538,-0.570769231,0.824615385,-0.386923077,0.743846154,0.536153846,-0.33,1.389230769,-1.412307692,1.148461538,0.070769231,0.051538462,-0.780461538,-0.111230769,0.120538462,-0.012692308,-0.541384615,0.685615385,0.091384615,0.337230769,-0.255384615,-0.465384615,-0.648461538,-0.411538462,0.289230769,0.313076923,0.233076923,0.197692308,-0.166923077,-0.319230769,-0.618461538,0.396923077,0.086923077,7.692,7.692,53.846,0,61.538,38.462,38.462,38.462,0,13,0.538461538,0.923076923,0,0.534615385,0.337230899,1.09,-0.52,5,11.27,14,94,0.02,0.42,14.06,90,1.41,0.81,-0.5869231
KKLLLGLLKLKKL,-0.321538462,-0.022307692,0.293076923,-0.578461538,0.164615385,-0.235384615,0.049230769,0.303846154,-1.735384615,1.060769231,-0.258461538,-0.07,0.766923077,-1.266153846,-0.67,-1.732307692,0.122307692,0.542307692,0.096923077,0.656692308,0.360769231,1.247846154,0.137846154,0.280923077,-4.170769231,0.957692308,-0.923076923,0.996153846,0.18,0.266923077,0.189230769,0.260769231,0.052307692,0.708461538,-0.570769231,0.824615385,-0.386923077,0.743846154,0.536153846,-0.33,1.389230769,-1.412307692,1.148461538,0.070769231,0.051538462,-0.780461538,-0.111230769,0.120538462,-0.012692308,-0.541384615,0.685615385,0.091384615,0.337230769,-0.255384615,-0.465384615,-0.648461538,-0.411538462,0.289230769,0.313076923,0.233076923,0.197692308,-0.166923077,-0.319230769,-0.618461538,0.396923077,0.086923077,7.692,7.692,53.846,0,61.538,38.462,38.462,38.462,0,13,0.538461538,0.846153846,0,0.534615385,0.338037272,1.07,-0.52,5,11.27,14,91,0.02,0.38,26.63,100,1.41,0.81,-0.5869231
LKKLGLLLKKKLL,-0.321538462,-0.022307692,0.293076923,-0.578461538,0.164615385,-0.235384615,0.049230769,0.303846154,-1.735384615,1.060769231,-0.258461538,-0.07,0.766923077,-1.266153846,-0.67,-1.732307692,0.122307692,0.542307692,0.096923077,0.656692308,0.360769231,1.247846154,0.137846154,0.280923077,-4.170769231,0.957692308,-0.923076923,0.996153846,0.18,0.266923077,0.189230769,0.260769231,0.052307692,0.708461538,-0.570769231,0.824615385,-0.386923077,0.743846154,0.536153846,-0.33,1.389230769,-1.412307692,1.148461538,0.070769231,0.051538462,-0.780461538,-0.111230769,0.120538462,-0.012692308,-0.541384615,0.685615385,0.091384615,0.337230769,-0.255384615,-0.465384615,-0.648461538,-0.411538462,0.289230769,0.313076923,0.233076923,0.197692308,-0.166923077,-0.319230769,-0.618461538,0.396923077,0.086923077,7.692,7.692,53.846,0,61.538,38.462,38.462,38.462,0,13,0.538461538,0.846153846,0,0.534615385,0.354194057,1.02,-0.52,5,11.28,14,95,0.02,0.33,1.87,100,1.41,0.81,-0.5869231
KKLLGLLLKLKLK,-0.321538462,-0.022307692,0.293076923,-0.578461538,0.164615385,-0.235384615,0.049230769,0.303846154,-1.735384615,1.060769231,-0.258461538,-0.07,0.766923077,-1.266153846,-0.67,-1.732307692,0.122307692,0.542307692,0.096923077,0.656692308,0.360769231,1.247846154,0.137846154,0.280923077,-4.170769231,0.957692308,-0.923076923,0.996153846,0.18,0.266923077,0.189230769,0.260769231,0.052307692,0.708461538,-0.570769231,0.824615385,-0.386923077,0.743846154,0.536153846,-0.33,1.389230769,-1.412307692,1.148461538,0.070769231,0.051538462,-0.780461538,-0.111230769,0.120538462,-0.012692308,-0.541384615,0.685615385,0.091384615,0.337230769,-0.255384615,-0.465384615,-0.648461538,-0.411538462,0.289230769,0.313076923,0.233076923,0.197692308,-0.166923077,-0.319230769,-0.618461538,0.396923077,0.086923077,7.692,7.692,53.846,0,61.538,38.462,38.462,38.462,0,13,0.538461538,0.846153846,0,0.534615385,0.364768932,1.1,-0.52,5,11.27,14,94,0.02,0.39,25.52,130,1.41,0.81,-0.5869231
,,,,,,,,,,,,,,,,,,,,,,,,,,,,,,,,,,,,,,,,,,,,,,,,,,,,,,,,,,,,,,,,,,,,,,,,,,,,,,,,,,,,,,,,,,,,,,
,,,,,,,,,,,,,,,,,,,,,,,,,,,,,,,,,,,,,,,,,,,,,,,,,,,,,,,,,,,,,,,,,,,,,,,,,,,,,,,,,,,,,,,,,,,,,,
,,,,,,,,,,,,,,,,,,,,,,,,,,,,,,,,,,,,,,,,,,,,,,,,,,,,,,,,,,,,,,,,,,,,,,,,,,,,,,,,,,,,,,,,,,,,,,
,,,,,,,,,,,,,,,,,,,,,,,,,,,,,,,,,,,,,,,,,,,,,,,,,,,,,,,,,,,,,,,,,,,,,,,,,,,,,,,,,,,,,,,,,,,,,,
,,,,,,,,,,,,,,,,,,,,,,,,,,,,,,,,,,,,,,,,,,,,,,,,,,,,,,,,,,,,,,,,,,,,,,,,,,,,,,,,,,,,,,,,,,,,,,
ID,Sequence,Length,Hydrophobic residue%,Hp,miuH,H,Normalized Hydrophobic Moment,Normalized Hydrophobicity,Net Charge,Isoelectric Point,Penetration Depth,Tilt Angle,Disordered Conformation Propensity,Linear Moment,Propensity to in vitro Aggregation,Angle Subtended by the Hydrophobic Residues,Amphiphilicity Index,Propensity to PPII coil,Boman Index,,,,,,,,,,,,,,,,,,,,,,,,,,,,,,,,,,,,,,,,,,,,,,,,,,,,,,,,,,,,,,,,,,,,,,,,,,,
MLamP1,KLKKLLLGLLLKK,13,53.85%,84.62%,0.535,0.310,0.83,-0.52,5,11.27,14,94,0.02,0.43,282.39,80,1.41,0.81,-0.59,,,,,,,,,,,,,,,,,,,,,,,,,,,,,,,,,,,,,,,,,,,,,,,,,,,,,,,,,,,,,,,,,,,,,,,,,,,
MLamP2,KLLKLKKLLGLLK,13,53.85%,84.62%,0.535,0.324,0.79,-0.52,5,11.27,14,95,0.02,0.29,33.90,100,1.41,0.81,-0.59,,,,,,,,,,,,,,,,,,,,,,,,,,,,,,,,,,,,,,,,,,,,,,,,,,,,,,,,,,,,,,,,,,,,,,,,,,,
MLamP3,KKLLLKGLLLLKK,13,53.85%,92.31%,0.535,0.337,1.09,-0.52,5,11.27,14,94,0.02,0.42,14.06,90,1.41,0.81,-0.59,,,,,,,,,,,,,,,,,,,,,,,,,,,,,,,,,,,,,,,,,,,,,,,,,,,,,,,,,,,,,,,,,,,,,,,,,,,
MLamP4,KKLLLGLLKLKKL,13,53.85%,84.62%,0.535,0.338,1.07,-0.52,5,11.27,14,91,0.02,0.38,26.63,100,1.41,0.81,-0.59,,,,,,,,,,,,,,,,,,,,,,,,,,,,,,,,,,,,,,,,,,,,,,,,,,,,,,,,,,,,,,,,,,,,,,,,,,,
MLamP5,LKKLGLLLKKKLL,13,53.85%,84.62%,0.535,0.354,1.02,-0.52,5,11.28,14,95,0.02,0.33,1.87,100,1.41,0.81,-0.59,,,,,,,,,,,,,,,,,,,,,,,,,,,,,,,,,,,,,,,,,,,,,,,,,,,,,,,,,,,,,,,,,,,,,,,,,,,
MLamP6,KKLLGLLLKLKLK,13,53.85%,84.62%,0.535,0.365,1.10,-0.52,5,11.27,14,94,0.02,0.39,25.52,130,1.41,0.81,-0.59,,,,,,,,,,,,,,,,,,,,,,,,,,,,,,,,,,,,,,,,,,,,,,,,,,,,,,,,,,,,,,,,,,,,,,,,,,,
